English short name,Alpha-2 code,Alpha-3 code,Numeric,PhotoUrl
Afghanistan,AF,AFG,4,https://images.pexels.com/photos/31093705/pexels-photo-31093705.jpeg
Åland Islands,AX,ALA,248,https://images.pexels.com/photos/30207933/pexels-photo-30207933.jpeg
Albania,AL,ALB,8,https://images.pexels.com/photos/13275966/pexels-photo-13275966.jpeg
Algeria,DZ,DZA,12,https://images.pexels.com/photos/18233267/pexels-photo-18233267.jpeg
American Samoa,AS,ASM,16,https://images.pexels.com/photos/3423147/pexels-photo-3423147.jpeg
Andorra,AD,AND,20,https://images.pexels.com/photos/26558346/pexels-photo-26558346.jpeg
Angola,AO,AGO,24,https://images.pexels.com/photos/7909269/pexels-photo-7909269.jpeg
Anguilla,AI,AIA,660,https://images.pexels.com/photos/20562283/pexels-photo-20562283.jpeg
Antarctica,AQ,ATA,10,https://adventure.com/wp-content/uploads/2017/03/Antarctica-Lafranchi-1-1920x1080.jpg
Antigua and Barbuda,AG,ATG,28,https://images.pexels.com/photos/17660495/pexels-photo-17660495.jpeg
Argentina,AR,ARG,32,https://images.pexels.com/photos/25490608/pexels-photo-25490608.jpeg
Armenia,AM,ARM,51,https://images.pexels.com/photos/32379976/pexels-photo-32379976.jpeg
Aruba,AW,ABW,533,https://images.pexels.com/photos/31823402/pexels-photo-31823402.jpeg
Australia,AU,AUS,36,https://images.pexels.com/photos/13374418/pexels-photo-13374418.jpeg
Austria,AT,AUT,40,https://images.pexels.com/photos/1054218/pexels-photo-1054218.jpeg
Azerbaijan,AZ,AZE,31,https://images.pexels.com/photos/29232857/pexels-photo-29232857.jpeg
Bahamas (the),BS,BHS,44,https://images.pexels.com/photos/27011618/pexels-photo-27011618.jpeg
Bahrain,BH,BHR,48,"https://images.travelandleisureasia.com/wp-content/uploads/sites/2/2019/05/Balance-in-Bahrain-feature.jpg?tr=w-1366,f-jpg,pr-true"
Bangladesh,BD,BGD,50,https://images.pexels.com/photos/34984618/pexels-photo-34984618.jpeg
Barbados,BB,BRB,52,https://images.pexels.com/photos/1309756/pexels-photo-1309756.jpeg
Belarus,BY,BLR,112,https://images.pexels.com/photos/6647108/pexels-photo-6647108.jpeg
Belgium,BE,BEL,56,https://images.pexels.com/photos/14777640/pexels-photo-14777640.jpeg
Belize,BZ,BLZ,84,https://images.pexels.com/photos/15382269/pexels-photo-15382269.jpeg
Benin,BJ,BEN,204,https://images.pexels.com/photos/8655016/pexels-photo-8655016.jpeg
Bermuda,BM,BMU,60,https://images.pexels.com/photos/7828588/pexels-photo-7828588.jpeg
Bhutan,BT,BTN,64,https://images.pexels.com/photos/31640266/pexels-photo-31640266.jpeg
"Bolivia, Plurinational State of",BO,BOL,68,https://images.pexels.com/photos/6218597/pexels-photo-6218597.jpeg
"Bonaire, Sint Eustatius and Saba",BQ,BES,535,https://images.pexels.com/photos/31713117/pexels-photo-31713117.jpeg
Bosnia and Herzegovina,BA,BIH,70,https://images.pexels.com/photos/691030/pexels-photo-691030.jpeg
Botswana,BW,BWA,72,https://images.pexels.com/photos/7235405/pexels-photo-7235405.jpeg
Bouvet Island,BV,BVT,74,https://pbs.twimg.com/media/GBAds0BWsAA_RS-?format=jpg&name=large
Brazil,BR,BRA,76,https://images.pexels.com/photos/11096135/pexels-photo-11096135.jpeg
British Indian Ocean Territory (the),IO,IOT,86,https://warontherocks.com/wp-content/uploads/2021/07/060501-F-1234S-001-768x491.jpg?v=1626087105
Brunei Darussalam,BN,BRN,96,https://images.pexels.com/photos/12587133/pexels-photo-12587133.jpeg
Bulgaria,BG,BGR,100,https://images.pexels.com/photos/28912427/pexels-photo-28912427.jpeg
Burkina Faso,BF,BFA,854,https://images.pexels.com/photos/32981289/pexels-photo-32981289.jpeg
Burundi,BI,BDI,108,https://cdn.britannica.com/16/263016-050-FA4F389C/Gitega-Kitega-Burundi-Africa-Cathedral-of-Christ-the-King-Cathedrale-du-Christ-Roi-de-Gitega-Roman-Catholic-Archdiocese-of-Gitega-shown-within-hills-and-plants-trees-Church.jpg
Cambodia,KH,KHM,116,https://images.pexels.com/photos/5278966/pexels-photo-5278966.jpeg
Cameroon,CM,CMR,120,https://images.pexels.com/photos/17291020/pexels-photo-17291020.jpeg
Canada,CA,CAN,124,https://images.pexels.com/photos/374870/pexels-photo-374870.jpeg
Cape Verde,CV,CPV,132,https://images.pexels.com/photos/13636689/pexels-photo-13636689.jpeg
Cayman Islands (the),KY,CYM,136,https://images.pexels.com/photos/29201942/pexels-photo-29201942.png
Central African Republic (the),CF,CAF,140,https://cdn.britannica.com/75/154475-050-9E37B43C/Bangui-Central-African-Republic.jpg
Chad,TD,TCD,148,https://images.pexels.com/photos/10943277/pexels-photo-10943277.jpeg
Chile,CL,CHL,152,https://images.pexels.com/photos/30972924/pexels-photo-30972924.jpeg
China,CN,CHN,156,https://images.pexels.com/photos/18709771/pexels-photo-18709771.jpeg
Christmas Island,CX,CXR,162,https://upload.wikimedia.org/wikipedia/commons/thumb/f/f5/Flying_Fish_Cove_at_Christmas_Island.jpg/960px-Flying_Fish_Cove_at_Christmas_Island.jpg
Cocos (Keeling) Islands (the),CC,CCK,166,https://upload.wikimedia.org/wikipedia/commons/thumb/8/80/Cocos_%28Keeling%29_Islands_%2832206670676%29.jpg/960px-Cocos_%28Keeling%29_Islands_%2832206670676%29.jpg
Colombia,CO,COL,170,https://images.pexels.com/photos/14966555/pexels-photo-14966555.jpeg
Comoros,KM,COM,174,https://images.pexels.com/photos/1854713/pexels-photo-1854713.jpeg
Congo,CG,COG,178,https://images.pexels.com/photos/19582836/pexels-photo-19582836.jpeg
Congo (the Democratic Republic of the),CD,COD,180,https://images.pexels.com/photos/30164278/pexels-photo-30164278.jpeg
Cook Islands (the),CK,COK,184,https://cdn.britannica.com/73/135973-050-C64EE5C5/Anchorage-Island-Suwarrov-Atoll-Cook-Islands.jpg
Costa Rica,CR,CRI,188,https://images.pexels.com/photos/12832297/pexels-photo-12832297.jpeg
Côte d'Ivoire,CI,CIV,384,https://images.pexels.com/photos/6322447/pexels-photo-6322447.jpeg
Croatia,HR,HRV,191,https://images.pexels.com/photos/2289182/pexels-photo-2289182.jpeg
Cuba,CU,CUB,192,https://images.pexels.com/photos/35400517/pexels-photo-35400517.jpeg
Curaçao,CW,CUW,531,https://images.pexels.com/photos/16215570/pexels-photo-16215570.jpeg
Cyprus,CY,CYP,196,https://images.pexels.com/photos/10067452/pexels-photo-10067452.jpeg
Czech Republic (the),CZ,CZE,203,https://images.pexels.com/photos/4615060/pexels-photo-4615060.jpeg
Denmark,DK,DNK,208,https://images.pexels.com/photos/5334300/pexels-photo-5334300.jpeg
Djibouti,DJ,DJI,262,https://cdn.britannica.com/47/152547-050-3AB8D313/Camel-caravan-Lake-Assal-Djibouti.jpg
Dominica,DM,DMA,212,https://images.pexels.com/photos/24012449/pexels-photo-24012449.jpeg
Dominican Republic (the),DO,DOM,214,https://images.pexels.com/photos/5273212/pexels-photo-5273212.jpeg
Ecuador,EC,ECU,218,https://images.pexels.com/photos/18506912/pexels-photo-18506912.jpeg
Egypt,EG,EGY,818,https://images.pexels.com/photos/3958516/pexels-photo-3958516.jpeg
El Salvador,SV,SLV,222,https://images.pexels.com/photos/32730674/pexels-photo-32730674.jpeg
Equatorial Guinea,GQ,GNQ,226,https://cdn.britannica.com/17/141417-050-02B4F023/Malabo-Equatorial-Guinea.jpg
Eritrea,ER,ERI,232,https://cdn.britannica.com/23/189123-050-682E1672/View-road-Asmara-Eritrea-Dekemhare.jpg
Estonia,EE,EST,233,https://images.pexels.com/photos/34155623/pexels-photo-34155623.jpeg
Ethiopia,ET,ETH,231,https://images.pexels.com/photos/6742951/pexels-photo-6742951.jpeg
Falkland Islands (the) [Malvinas],FK,FLK,238,https://images.pexels.com/photos/7404711/pexels-photo-7404711.jpeg
Faroe Islands (the),FO,FRO,234,https://images.pexels.com/photos/32315713/pexels-photo-32315713.jpeg
Fiji,FJ,FJI,242,https://images.pexels.com/photos/26088004/pexels-photo-26088004.jpeg
Finland,FI,FIN,246,https://images.pexels.com/photos/28233192/pexels-photo-28233192.jpeg
France,FR,FRA,250,https://images.pexels.com/photos/3105066/pexels-photo-3105066.jpeg
French Guiana,GF,GUF,254,https://images.pexels.com/photos/1172518/pexels-photo-1172518.jpeg
French Polynesia,PF,PYF,258,https://images.pexels.com/photos/1172518/pexels-photo-1172518.jpeg
French Southern Territories (the),TF,ATF,260,https://upload.wikimedia.org/wikipedia/commons/thumb/8/82/Port_aux_Fran%C3%A7ais.JPG/960px-Port_aux_Fran%C3%A7ais.JPG
Gabon,GA,GAB,266,https://cdn.britannica.com/90/7190-050-66EA6C0A/manganese-mine-Moanda-Gabon.jpg
Gambia (The),GM,GMB,270,https://images.pexels.com/photos/12633306/pexels-photo-12633306.jpeg
Georgia,GE,GEO,268,https://images.pexels.com/photos/33663901/pexels-photo-33663901.jpeg
Germany,DE,DEU,276,https://images.pexels.com/photos/5701574/pexels-photo-5701574.jpeg
Ghana,GH,GHA,288,https://images.pexels.com/photos/36079514/pexels-photo-36079514.jpeg
Gibraltar,GI,GIB,292,https://images.pexels.com/photos/32437900/pexels-photo-32437900.jpeg
Greece,GR,GRC,300,https://images.pexels.com/photos/27379652/pexels-photo-27379652.jpeg
Greenland,GL,GRL,304,https://images.pexels.com/photos/5317271/pexels-photo-5317271.jpeg
Grenada,GD,GRD,308,https://images.pexels.com/photos/1366528/pexels-photo-1366528.jpeg
Guadeloupe,GP,GLP,312,https://images.pexels.com/photos/2043242/pexels-photo-2043242.jpeg
Guam,GU,GUM,316,https://images.pexels.com/photos/24033245/pexels-photo-24033245.jpeg
Guatemala,GT,GTM,320,https://images.pexels.com/photos/245772/pexels-photo-245772.jpeg
Guernsey,GG,GGY,831,https://images.pexels.com/photos/802121/pexels-photo-802121.jpeg
Guinea,GN,GIN,324,https://upload.wikimedia.org/wikipedia/commons/thumb/0/03/Dame_de_Mali_Guin%C3%A9e.jpg/960px-Dame_de_Mali_Guin%C3%A9e.jpg
Guinea-Bissau,GW,GNB,624,https://upload.wikimedia.org/wikipedia/commons/thumb/4/44/Lagoa_com_hipop%C3%B3tamos_01.jpg/960px-Lagoa_com_hipop%C3%B3tamos_01.jpg
Guyana,GY,GUY,328,https://cdn.britannica.com/46/91646-050-24F5BC0C/City-Hall-Georgetown-Guyana.jpg
Haiti,HT,HTI,332,https://images.pexels.com/photos/4637299/pexels-photo-4637299.png
Heard Island and McDonald Islands,HM,HMD,334,https://upload.wikimedia.org/wikipedia/commons/thumb/a/ae/Heard2.jpg/960px-Heard2.jpg
Holy See (the) [Vatican City State],VA,VAT,336,https://images.pexels.com/photos/29821993/pexels-photo-29821993.jpeg
Honduras,HN,HND,340,https://cdn.britannica.com/09/7209-050-7B544449/farm-highlands-Honduras.jpg
Hong Kong,HK,HKG,344,https://images.pexels.com/photos/707667/pexels-photo-707667.jpeg
Hungary,HU,HUN,348,https://images.pexels.com/photos/732057/pexels-photo-732057.jpeg
Iceland,IS,ISL,352,https://images.pexels.com/photos/5465018/pexels-photo-5465018.jpeg
India,IN,IND,356,https://images.pexels.com/photos/5414576/pexels-photo-5414576.jpeg
Indonesia,ID,IDN,360,https://images.pexels.com/photos/994477/pexels-photo-994477.jpeg
Iran (the Islamic Republic of),IR,IRN,364,https://images.pexels.com/photos/31468394/pexels-photo-31468394.jpeg
Iraq,IQ,IRQ,368,https://images.pexels.com/photos/12050747/pexels-photo-12050747.jpeg
Ireland,IE,IRL,372,https://images.pexels.com/photos/15885605/pexels-photo-15885605.jpeg
Isle of Man,IM,IMN,833,https://images.pexels.com/photos/431652/pexels-photo-431652.jpeg
Israel,IL,ISR,376,https://images.pexels.com/photos/34793422/pexels-photo-34793422.jpeg
Italy,IT,ITA,380,https://images.pexels.com/photos/208701/pexels-photo-208701.jpeg
Jamaica,JM,JAM,388,https://images.pexels.com/photos/5005126/pexels-photo-5005126.jpeg
Japan,JP,JPN,392,https://images.pexels.com/photos/32398720/pexels-photo-32398720.jpeg
Jersey,JE,JEY,832,https://images.pexels.com/photos/29975346/pexels-photo-29975346.jpeg
Jordan,JO,JOR,400,https://images.pexels.com/photos/16770108/pexels-photo-16770108.jpeg
Kazakhstan,KZ,KAZ,398,https://images.pexels.com/photos/4615060/pexels-photo-4615060.jpeg
Kenya,KE,KEN,404,https://images.pexels.com/photos/5095035/pexels-photo-5095035.jpeg
Kiribati,KI,KIR,296,https://upload.wikimedia.org/wikipedia/commons/thumb/b/b5/South_Tarawa_from_the_air.jpg/1280px-South_Tarawa_from_the_air.jpg
Korea (the Democratic People's Republic of),KP,PRK,408,https://cdn.britannica.com/90/122490-050-5302C934/Kaesong-North-Korea.jpg
Korea (the Republic of),KR,KOR,410,https://images.pexels.com/photos/13679334/pexels-photo-13679334.jpeg
Kuwait,KW,KWT,414,https://images.pexels.com/photos/14796496/pexels-photo-14796496.jpeg
Kyrgyzstan,KG,KGZ,417,https://images.pexels.com/photos/35755654/pexels-photo-35755654.jpeg
Lao People's Democratic Republic (the),LA,LAO,418,https://images.pexels.com/photos/15003001/pexels-photo-15003001.jpeg
Latvia,LV,LVA,428,https://images.pexels.com/photos/10489984/pexels-photo-10489984.jpeg
Lebanon,LB,LBN,422,https://images.pexels.com/photos/4659944/pexels-photo-4659944.jpeg
Lesotho,LS,LSO,426,https://images.pexels.com/photos/28451781/pexels-photo-28451781.jpeg
Liberia,LR,LBR,430,https://cdn.britannica.com/10/210210-050-A31F0882/Monrovia-Liberia.jpg
Libya,LY,LBY,434,https://cdn.britannica.com/04/178004-050-86D5A469/Remains-amphitheatre-Roman-Libya-Leptis-Magna.jpg
Liechtenstein,LI,LIE,438,https://upload.wikimedia.org/wikipedia/commons/thumb/f/f1/3156_-_Vaduz_-_Hintergass_vom_Mitteldorf.JPG/960px-3156_-_Vaduz_-_Hintergass_vom_Mitteldorf.JPG
Lithuania,LT,LTU,440,https://images.pexels.com/photos/7828591/pexels-photo-7828591.jpeg
Luxembourg,LU,LUX,442,https://images.pexels.com/photos/18601606/pexels-photo-18601606.jpeg
Macao,MO,MAC,446,https://images.pexels.com/photos/10880468/pexels-photo-10880468.jpeg
Macedonia (the former Yugoslav Republic of),MK,MKD,807,https://images.pexels.com/photos/6360585/pexels-photo-6360585.jpeg
Madagascar,MG,MDG,450,https://images.pexels.com/photos/7506101/pexels-photo-7506101.jpeg
Malawi,MW,MWI,454,https://images.pexels.com/photos/8026005/pexels-photo-8026005.jpeg
Malaysia,MY,MYS,458,https://images.pexels.com/photos/31907676/pexels-photo-31907676.jpeg
Maldives,MV,MDV,462,https://images.pexels.com/photos/29289151/pexels-photo-29289151.jpeg
Mali,ML,MLI,466,https://images.pexels.com/photos/33825107/pexels-photo-33825107.jpeg
Malta,MT,MLT,470,https://images.pexels.com/photos/33345640/pexels-photo-33345640.jpeg
Marshall Islands (the),MH,MHL,584,https://images.pexels.com/photos/31086786/pexels-photo-31086786.jpeg
Martinique,MQ,MTQ,474,https://images.pexels.com/photos/32745742/pexels-photo-32745742.jpeg
Mauritania,MR,MRT,478,https://images.pexels.com/photos/5627263/pexels-photo-5627263.jpeg
Mauritius,MU,MUS,480,https://images.pexels.com/photos/3703465/pexels-photo-3703465.jpeg
Mayotte,YT,MYT,175,https://cdn.britannica.com/98/166198-050-654FF14D/village-coast-Sada-Mayotte-island.jpg
Mexico,MX,MEX,484,https://images.pexels.com/photos/33126206/pexels-photo-33126206.jpeg
Micronesia (the Federated States of),FM,FSM,583,https://upload.wikimedia.org/wikipedia/commons/thumb/6/68/Beach_on_Weno_island_%28Chuuk%2C_Micronesia%29.jpg/960px-Beach_on_Weno_island_%28Chuuk%2C_Micronesia%29.jpg
Moldova (the Republic of),MD,MDA,498,https://images.pexels.com/photos/10883424/pexels-photo-10883424.jpeg
Monaco,MC,MCO,492,https://images.pexels.com/photos/11892586/pexels-photo-11892586.jpeg
Mongolia,MN,MNG,496,https://images.pexels.com/photos/4326848/pexels-photo-4326848.jpeg
Montenegro,ME,MNE,499,https://images.pexels.com/photos/27151342/pexels-photo-27151342.jpeg
Montserrat,MS,MSR,500,https://cdn.britannica.com/66/93966-050-D4615313/mountains-island-Caribbean-Montserrat-Lesser-Antilles.jpg
Morocco,MA,MAR,504,https://images.pexels.com/photos/943510/pexels-photo-943510.jpeg
Mozambique,MZ,MOZ,508,https://images.pexels.com/photos/30188147/pexels-photo-30188147.jpeg
Myanmar,MM,MMR,104,https://images.pexels.com/photos/18783419/pexels-photo-18783419.jpeg
Namibia,NA,NAM,516,https://images.pexels.com/photos/8944063/pexels-photo-8944063.jpeg
Nauru,NR,NRU,520,https://images.pexels.com/photos/13829227/pexels-photo-13829227.jpeg
Nepal,NP,NPL,524,https://images.pexels.com/photos/32563830/pexels-photo-32563830.jpeg
Netherlands (the),NL,NLD,528,https://images.pexels.com/photos/32953042/pexels-photo-32953042.jpeg
New Caledonia,NC,NCL,540,https://images.pexels.com/photos/33344472/pexels-photo-33344472.jpeg
New Zealand,NZ,NZL,554,https://images.pexels.com/photos/35364665/pexels-photo-35364665.jpeg
Nicaragua,NI,NIC,558,https://images.pexels.com/photos/33282583/pexels-photo-33282583.jpeg
Niger (the),NE,NER,562,https://images.pexels.com/photos/29764581/pexels-photo-29764581.jpeg
Nigeria,NG,NGA,566,https://images.pexels.com/photos/32707664/pexels-photo-32707664.jpeg
Niue,NU,NIU,570,https://upload.wikimedia.org/wikipedia/commons/thumb/0/0c/Limu_Pools_towards_rock_arch.jpg/960px-Limu_Pools_towards_rock_arch.jpg
Norfolk Island,NF,NFK,574,https://upload.wikimedia.org/wikipedia/commons/thumb/1/10/Norfolk-Island-Pines.jpg/960px-Norfolk-Island-Pines.jpg
Northern Mariana Islands (the),MP,MNP,580,https://images.pexels.com/photos/2494132/pexels-photo-2494132.jpeg
Norway,NO,NOR,578,https://images.pexels.com/photos/34656942/pexels-photo-34656942.jpeg
Oman,OM,OMN,512,https://images.pexels.com/photos/31538785/pexels-photo-31538785.jpeg
Pakistan,PK,PAK,586,https://images.pexels.com/photos/34096453/pexels-photo-34096453.jpeg
Palau,PW,PLW,585,https://cdn.britannica.com/77/84877-050-08809CF3/view-rock-islands-Palau.jpg
"Palestine, State of",PS,PSE,275,https://cdn.britannica.com/13/122413-050-32796E4C/Plain-Esdraelon-Israel.jpg
Panama,PA,PAN,591,https://images.pexels.com/photos/33803472/pexels-photo-33803472.jpeg
Papua New Guinea,PG,PNG,598,https://images.pexels.com/photos/31235875/pexels-photo-31235875.jpeg
Paraguay,PY,PRY,600,https://images.pexels.com/photos/6590186/pexels-photo-6590186.jpeg
Peru,PE,PER,604,https://images.pexels.com/photos/10807161/pexels-photo-10807161.jpeg
Philippines (the),PH,PHL,608,https://images.pexels.com/photos/1389986/pexels-photo-1389986.jpeg
Pitcairn,PN,PCN,612,https://upload.wikimedia.org/wikipedia/commons/f/ff/Pitcairn_-_Church_of_Adamstown.jpg
Poland,PL,POL,616,https://images.pexels.com/photos/30967332/pexels-photo-30967332.jpeg
Portugal,PT,PRT,620,https://images.pexels.com/photos/33469087/pexels-photo-33469087.jpeg
Puerto Rico,PR,PRI,630,https://images.pexels.com/photos/36032217/pexels-photo-36032217.jpeg
Qatar,QA,QAT,634,https://images.pexels.com/photos/18419864/pexels-photo-18419864.jpeg
Réunion,RE,REU,638,https://images.pexels.com/photos/16854207/pexels-photo-16854207.png
Romania,RO,ROU,642,https://images.pexels.com/photos/679072/pexels-photo-679072.jpeg
Russian Federation (the),RU,RUS,643,https://images.pexels.com/photos/11955349/pexels-photo-11955349.jpeg
Rwanda,RW,RWA,646,https://images.pexels.com/photos/31850571/pexels-photo-31850571.jpeg
Saint Barthélemy,BL,BLM,652,https://images.pexels.com/photos/4387462/pexels-photo-4387462.jpeg
"Saint Helena, Ascension and Tristan da Cunha",SH,SHN,654,https://upload.wikimedia.org/wikipedia/commons/4/40/View_of_Tristan_da_Cunha_from_Nightingale_island.jpg
Saint Kitts and Nevis,KN,KNA,659,https://images.pexels.com/photos/5844598/pexels-photo-5844598.jpeg
Saint Lucia,LC,LCA,662,https://images.pexels.com/photos/29299056/pexels-photo-29299056.jpeg
Saint Martin (French part),MF,MAF,663,https://images.pexels.com/photos/6292343/pexels-photo-6292343.jpeg
Saint Pierre and Miquelon,PM,SPM,666,https://upload.wikimedia.org/wikipedia/commons/1/10/Ile_aux_marines%2C_SPM.JPG
Saint Vincent and the Grenadines,VC,VCT,670,https://images.pexels.com/photos/1294974/pexels-photo-1294974.jpeg
Samoa,WS,WSM,882,https://images.pexels.com/photos/19844888/pexels-photo-19844888.jpeg
San Marino,SM,SMR,674,https://images.pexels.com/photos/22743353/pexels-photo-22743353.jpeg
Sao Tome and Principe,ST,STP,678,https://cdn.britannica.com/47/153147-050-002E907A/Beach-Sao-Tome-island-and-Principe.jpg
Saudi Arabia,SA,SAU,682,https://images.pexels.com/photos/35299524/pexels-photo-35299524.jpeg
Senegal,SN,SEN,686,https://images.pexels.com/photos/35827137/pexels-photo-35827137.jpeg
Serbia,RS,SRB,688,https://images.pexels.com/photos/31364896/pexels-photo-31364896.jpeg
Seychelles,SC,SYC,690,https://images.pexels.com/photos/13280841/pexels-photo-13280841.jpeg
Sierra Leone,SL,SLE,694,https://images.pexels.com/photos/28448672/pexels-photo-28448672.jpeg
Singapore,SG,SGP,702,https://images.pexels.com/photos/15480508/pexels-photo-15480508.jpeg
Sint Maarten (Dutch part),SX,SXM,534,https://images.pexels.com/photos/5769701/pexels-photo-5769701.jpeg
Slovakia,SK,SVK,703,https://images.pexels.com/photos/2657686/pexels-photo-2657686.jpeg
Slovenia,SI,SVN,705,https://images.pexels.com/photos/338936/pexels-photo-338936.jpeg
Solomon Islands (the),SB,SLB,90,https://images.pexels.com/photos/29643273/pexels-photo-29643273.jpeg
Somalia,SO,SOM,706,https://images.pexels.com/photos/30630846/pexels-photo-30630846.jpeg
South Africa,ZA,ZAF,710,https://images.pexels.com/photos/34132082/pexels-photo-34132082.jpeg
South Georgia and the South Sandwich Islands,GS,SGS,239,https://images.pexels.com/photos/6969512/pexels-photo-6969512.jpeg
South Sudan ,SS,SSD,728,https://images.pexels.com/photos/33749782/pexels-photo-33749782.jpeg
Spain,ES,ESP,724,https://images.pexels.com/photos/19896902/pexels-photo-19896902.jpeg
Sri Lanka,LK,LKA,144,https://images.pexels.com/photos/33404650/pexels-photo-33404650.jpeg
Sudan (the),SD,SDN,729,https://images.pexels.com/photos/10970368/pexels-photo-10970368.jpeg
Suriname,SR,SUR,740,https://images.pexels.com/photos/6673095/pexels-photo-6673095.jpeg
Svalbard and Jan Mayen,SJ,SJM,744,https://images.pexels.com/photos/18671196/pexels-photo-18671196.jpeg
Swaziland,SZ,SWZ,748,https://images.pexels.com/photos/33693769/pexels-photo-33693769.jpeg
Sweden,SE,SWE,752,https://images.pexels.com/photos/24022783/pexels-photo-24022783.jpeg
Switzerland,CH,CHE,756,https://images.pexels.com/photos/452544/pexels-photo-452544.jpeg
Syrian Arab Republic (the),SY,SYR,760,https://images.pexels.com/photos/9724830/pexels-photo-9724830.jpeg
Taiwan (Province of China),TW,TWN,158,https://images.pexels.com/photos/6419123/pexels-photo-6419123.jpeg
Tajikistan,TJ,TJK,762,https://images.pexels.com/photos/33481432/pexels-photo-33481432.png
"Tanzania, United Republic of",TZ,TZA,834,https://images.pexels.com/photos/10099900/pexels-photo-10099900.jpeg
Thailand,TH,THA,764,https://images.pexels.com/photos/16786188/pexels-photo-16786188.jpeg
Timor-Leste,TL,TLS,626,https://images.pexels.com/photos/13432342/pexels-photo-13432342.jpeg
Togo,TG,TGO,768,https://images.pexels.com/photos/18490321/pexels-photo-18490321.jpeg
Tokelau,TK,TKL,772,https://cdn.britannica.com/74/135974-050-653A337A/Lagoon-Nukunonu-Tokelau.jpg
Tonga,TO,TON,776,https://images.trvl-media.com/place/647752509844668416/16aaeb70-b714-48c7-ac26-39a41ab8016a.jpg
Trinidad and Tobago,TT,TTO,780,https://images.pexels.com/photos/30826595/pexels-photo-30826595.jpeg
Tunisia,TN,TUN,788,https://images.pexels.com/photos/27637106/pexels-photo-27637106.jpeg
Turkey,TR,TUR,792,https://images.pexels.com/photos/29487999/pexels-photo-29487999.jpeg
Turkmenistan,TM,TKM,795,https://adventure.com/wp-content/uploads/2018/07/Turkmenistan-Ashgabat-Photo-credit-Shutterstock-mbrand85.jpg
Turks and Caicos Islands (the),TC,TCA,796,https://images.pexels.com/photos/20679736/pexels-photo-20679736.jpeg
Tuvalu,TV,TUV,798,https://iugs-geoheritage.org/wp-content/uploads/2022/07/006-1_Funafuti-Atoll.jpg
Uganda,UG,UGA,800,https://images.pexels.com/photos/17240807/pexels-photo-17240807.jpeg
Ukraine,UA,UKR,804,https://images.pexels.com/photos/34607829/pexels-photo-34607829.jpeg
United Arab Emirates (the),AE,ARE,784,https://images.pexels.com/photos/6259274/pexels-photo-6259274.jpeg
United Kingdom (the),GB,GBR,826,https://images.pexels.com/photos/14480127/pexels-photo-14480127.jpeg
United States (the),US,USA,840,https://images.pexels.com/photos/9102582/pexels-photo-9102582.jpeg
United States Minor Outlying Islands (the),UM,UMI,581,https://toucanslandmarks.s3.amazonaws.com/media/com_scatalog/images/listings/o/2020042111481923650.jpg
Uruguay,UY,URY,858,https://images.pexels.com/photos/34965647/pexels-photo-34965647.jpeg
Uzbekistan,UZ,UZB,860,https://images.pexels.com/photos/5964348/pexels-photo-5964348.jpeg
Vanuatu,VU,VUT,548,https://www.virginaustralia.com/content/dam/vaa/images/destinations/vanuatu/things-to-do/vaa-1440x620-vanuatu-best-things-to-do.jpg/jcr:content/renditions/vaacore.web.1920.0.jpg
"Venezuela, Bolivarian Republic of ",VE,VEN,862,https://images.pexels.com/photos/14092767/pexels-photo-14092767.jpeg
Viet Nam,VN,VNM,704,https://images.pexels.com/photos/32759627/pexels-photo-32759627.jpeg
Virgin Islands (British),VG,VGB,92,https://images.pexels.com/photos/7052741/pexels-photo-7052741.jpeg
Virgin Islands (U.S.),VI,VIR,850,https://images.pexels.com/photos/34650322/pexels-photo-34650322.jpeg
Wallis and Futuna,WF,WLF,876,https://asset-prod.france.fr/Adobe_Stock_240512933_536b9dc53f.jpeg
Western Sahara*,EH,ESH,732,https://images.pexels.com/photos/32446751/pexels-photo-32446751.jpeg
Yemen,YE,YEM,887,https://images.pexels.com/photos/11201283/pexels-photo-11201283.jpeg
Zambia,ZM,ZMB,894,https://images.pexels.com/photos/5564255/pexels-photo-5564255.jpeg
Zimbabwe,ZW,ZWE,716,https://images.pexels.com/photos/36000439/pexels-photo-36000439.jpeg
